Peak,ETH,Latitude,Longitude,TrueElevation,ObservedElevation,300,500,700,900,1100,1300,1500,1700,1900,2100,2300,2500,2700,2900,3100,3300
Mount Everest / Sagarmatha / Chomolungma / Zhumulangma,663.9431868187614,27.9881,86.925,8848.0,8802,0.4157040230313173,0.42787776252552245,0.4297449795513817,0.4288902719256451,0.368952242403068,0.36706788918713545,0.36297146446798767,0.3366107377117183,0.32222230838444293,0.3161634222946483,0.2842923451774585,0.23296729581605344
K2 / Qogir / Godwin Austen,1073.9427516107548,35.88138889,76.51333333,8611.0,8546,0.5416792987199277,0.5414501957892783,0.5417342275189472,0.5276225219405459,0.5135901765933742,0.5165094577987733,0.51877264286545,0.5223051845697388,0.518084817270671,0.5114013102908357,0.43655723133588353,0.3517383669104518
Kangchenjunga,617.3370189549473,27.70333333,88.1475,8586.0,8552,0.614360184415732,0.5011595247497175,0.4005684596943786,0.35080983009390876,0.3265801717195199,0.3273767443579109,0.3298292074246511,0.333049529235286,0.3249142205026039,0.2877829711557247,0.26643777304759086
Lhotse,508.81674459492115,27.96166667,86.93305556,8516.0,8447,0.48597524144355086,0.4301934265221412,0.26121609601875384,0.27781709080689504,0.2877200910094145,0.27539489638619596,0.26960706742608753,0.2693564665332425,0.26779828662890587,0.2074322348656784
Makalu,626.8663902302424,27.88972222,87.08888889,8485.0,8252,0.3447604303444981,0.3457689002565301,0.3471552919670194,0.32452191543734465,0.2953782473909174,0.29631275995644657,0.3086699936317511,0.3129226545052331,0.31511227908780476,0.298507804871544
Cho Oyu,420.6411495764845,28.09416667,86.66083333,8188.0,8174,0.34731144885539783,0.37979779481683684,0.33159258047670553,0.3330975773688857,0.32091253715430706,0.2828495151687527,0.28042743305098966,0.2386039553456905
Dhaulagiri I,926.6217880732846,28.69666667,83.49305556,8167.0,8146,0.3357317741636032,0.35406788932836214,0.38455190669603506,0.41013769481057805,0.42755668074401076,0.4346133105883906,0.4405767750904571,0.4442211615556306,0.44662627576139746,0.4412484705110879,0.3644114955164965,0.34133213500801735,0.33030036989237843
Manaslu,560.8969955386985,28.55,84.55972222,8163.0,7942,0.3812122650676727,0.3924316783938969,0.40843203865387767,0.41310299336717576,0.4190607989871365,0.3265190679134698,0.3143713378313183,0.2963970133118041,0.29520894502036765,0.2187414007308201,0.2157609728558363,0.2031023859591187,0.19670733265352786
Nanga Parbat,806.2175345516381,35.23722222,74.58916667,8126.0,8066,0.3744971067545945,0.3181964738085223,0.30340699061557885,0.3263798010478733,0.34451992605061876,0.34463340160016964,0.3419208367006925,0.34359013945029415,0.33548621971713805,0.308396834341286,0.3001030202416718,0.2967231734903329,0.2926689408888022,0.27800604639711657,0.21801799016242152
Annapurna I,415.2968812963036,28.59555556,83.82027778,8091.0,7900,0.28194028086014705,0.3192030700055306,0.3104005042145932,0.29527157915668945,0.29902612484798463,0.24499498584511323,0.2397229778244517,0.21521225457375437,0.20055393003456334,0.19776041966490646
Gasherbrum I / Hidden Peak / K5,439.1744918951431,35.72444444,76.69638889,8080.0,7991,0.39576827154217514,0.409953068302548,0.41017305489845074,0.4072070213374339,0.3853857031098254,0.3081527875006919,0.29278299459676205,0.22918546934847112,0.1941225307014421
Broad Peak / K3,672.3806439863929,35.81055556,76.56833333,8051.0,7999,0.56027601370544,0.4625394565252214,0.44223877103561915,0.4250972102284231,0.42783204663581165,0.4321383377842815,0.4130862923117423,0.39551802587434876,0.1952651144510131
Gasherbrum II / K4,463.21804124698957,35.75777778,76.65333333,8035.0,7968,0.4826157006308174,0.37779098061850347,0.3909003145412041,0.34351117269341636,0.34622358247371715,0.356321570189992,0.23597329042736453,0.22119072058637543
Shishapangma,430.34935838693434,28.35333333,85.77861111,8027.0,7945,0.29480318981509945,0.33269714532106703,0.3050578140636839,0.2949783177384889,0.2874859800639172,0.2683774593123933,0.2513768224204191,0.24026737474233514,0.2264996623089128
Gyachung Kang,412.10948380639854,28.09805556,86.745,7952.0,7936,0.36668960636838177,0.4124540597031971,0.44800673109675176,0.45789942645155396,0.2369103823484711,0.24079144784693518,0.2029981805956671
Annapurna II,630.3950867536392,28.53472222,84.12194444,7937.0,7921,0.3864292545711523,0.4031321857338741,0.3434018910944731,0.33011423663687867,0.31891136856849417,0.3124644788287615,0.273120124836057,0.26690991455309176,0.26806419053185243,0.26924215772587834,0.27408482032766923
Gasherbrum IV,429.1609915328693,35.76055556,76.61611111,7932.0,7796,0.48011550801336955,0.5144038761121421,0.2864306299870846,0.29797958648243345,0.3145009626111609,0.33012383964066866,0.20476860962369298
Himalchuli,481.5421701454208,28.43666667,84.63972222,7893.0,7769,0.337160793718658,0.3560032656405108,0.29589678461935104,0.3067390929397883,0.3099983545854335,0.31260994886674415,0.3109400259290616,0.28326010008554164,0.2016850194363512,0.20036842367044186
Distaghil Sar,365.86498689786885,36.32583333,75.18777778,7884.0,7846,0.3652445537457382,0.35808001725187893,0.37244187947730156,0.3368015731187718,0.33260453354351716,0.25383393870784376,0.22079226596798707,0.2077627332389524
Ngadi Chuli,0,28.50333333,84.56666667,7871.0,7247,
Khunyang Chhish,462.56737186126685,36.20527778,75.20777778,7823.0,7817,0.47468174562477616,0.4925719673021208,0.46018938960282707,0.425915700366939,0.4205157926011517,0.32674716048388186,0.2990118951504178,0.24456803685777898
Masherbrum / K1,705.5008486508591,35.64111111,76.30583333,7821.0,7758,0.5572467313808693,0.5492815429854454,0.542869788772248,0.5145721453026355,0.47401533282880015,0.4291444132970938,0.418898995457091,0.39462825657883766,0.3674483213105764,0.3359527850718377,0.3038582203554243
Nanda Devi,743.3490709866601,30.37583333,79.97083333,7816.0,7795,0.4750763239432915,0.5135781996420477,0.5339677357879624,0.4864781789564154,0.47233704808809546,0.45952212929102665,0.4532183611504651,0.43726415940391766,0.24987584548519076,0.1994536237982835
Chomo Lonzo,361.2904287073225,27.93055556,87.10777778,7804.0,7773,0.35936540071065504,0.371416704684133,0.18184258341670556,0.2053719226897507,0.22699478631385278,0.2387770068318709,0.24086028580488167
Batura Sar,378.0299287819872,36.51027778,74.5225,7795.0,7748,0.21747565193469942,0.24061860837668064,0.2477998181035132,0.2672373928756922,0.2337862853008912,0.2363576481401875,0.2084657710307961,0.20028154488083436,0.19896312041157221
Rakaposhi,818.4196787459147,36.1425,74.48944444,7788.0,7663,0.38313821659986363,0.3747108421190754,0.37985867703609744,0.38141960900563326,0.39105257162846124,0.3911977756845245,0.3911760919104744,0.37071191394045694,0.36637066360748943,0.3610363005990943,0.3558346429330064
Namcha Barwa,0,29.63111111,95.05527778,7782.0,7323,
Kanjut Sar,633.7011660462737,36.20555556,75.41694444,7760.0,7734,0.4027454385639636,0.45731455437450463,0.46531140576611846,0.46079846185313705,0.46021632706087073,0.4406496988644315,0.4224674440308491
Kamet,451.01018217929766,30.92,79.59166667,7756.0,7707,0.4290302133114938,0.4566161874739929,0.400407403779133,0.4051983688718994,0.4100092565266342,0.286036892815738,0.22202882263642734
Dhaulagiri II,297.24087464162756,28.76277778,83.38833333,7751.0,7752,0.304014374858791,0.3105005464544992,0.2386389919089796,0.24911732539947976,0.20165676097593477,0.19974127144568757,0.19816058309441836
Saltoro Kangri / K10,708.5073148058324,35.39916667,76.84805556,7742.0,7708,0.3863266248536046,0.401655950650757,0.4225619950351216,0.4404594744447201,0.4509810780986067,0.4624445765302018,0.46821236835131896,0.41676900870931316,0.20135716916684396
Jannu,336.6610517832507,27.68222222,88.04444444,7711.0,7346,0.46049854808764085,0.3469841418272386,0.3565482888216921,0.374067835314723
Tirich Mir,601.7795384383294,36.25527778,71.84166667,7708.0,7680,0.3275854337596219,0.3395175546348426,0.3540997399104542,0.3680404291368485,0.38148318740012765,0.38030265050864787,0.36860762308550143,0.35398796378725256,0.2865425401441016,0.26529967342226796
Gurla Mandhata,453.67285108033235,30.43861111,81.29666667,7694.0,7684,0.28485697554919176,0.2969159366419217,0.32391287822732673,0.34383030006603765,0.34549562515732685,0.34126616219347305,0.30244856738688825,0.22048175257285865
Saser Kangri I / K22,346.54878724688274,34.86666667,77.7525,7672.0,7651,0.3918440481860341,0.4072078542404405,0.3429737444514536,0.33889885465176744,0.27865023935792216,0.2665759901899098,0.20836123025259135
Chogolisa,383.75476456639217,35.61305556,76.57472222,7665.0,7594,0.36303692259850107,0.40229604769888083,0.4058877365112085,0.3785378802050846,0.32898871720328693,0.2951959727433786,0.22033455507735436
Kongur Tagh,417.5252933845226,38.59333333,75.31333333,7649.0,7629,0.28100455917285944,0.30641092115670837,0.2915220415550369,0.3016952989318247,0.2056224068054573,0.2034194727709012,0.2065941588616579,0.21024543814441818,0.20195702125076334,0.1988215682783441
Shispare,412.7585915700561,36.44055556,74.68083333,7611.0,7562,0.5221884326164049,0.5057393641917489,0.46303689819948163,0.45862065730006235,0.34367774498648873
Trivor,336.225860172357,36.2875,75.085,7577.0,7607,0.42054148363632254,0.42404385960651,0.43020935919666214,0.37358428908039665,0.21054918717184545
Gangkhar Puensum,335.12582714612535,28.04722222,90.45527778,7570.0,7525,0.22579794651214438,0.2357003761248981,0.2548859487807445,0.2564822392783534,0.2521076456516336,0.24007702722126256,0.2234172180974169
Gongga Shan / Minya Konka,607.894323068754,29.59527778,101.8797222,7556.0,7473,0.45085971749726805,0.4751523577854613,0.48092918857100386,0.4850484097995131,0.4778714169826969,0.42813224519729437,0.40526288204583605,0.29057804938421933,0.24389456779672486,0.195370447163506
Annapurna III,213.96051039219742,28.585,83.99,7555.0,7529,0.323906023852504,0.33317298658486827,0.30565787198885347,0.17821376689980692
Skyang Kangri,448.02931746602513,35.92638889,76.5675,7545.0,7487,0.3773503042171141,0.3989293449227729,0.42238686458123625,0.40287435355452955,0.4072993795145683,0.22132539963934894
Changtse,0,28.02472222,86.91416667,7543.0,7798,
Kula Kangri,416.9279976742057,28.22694444,90.61638889,7538.0,7455,0.33065861816608344,0.3401052033395282,0.3679619050624031,0.3845827176308635,0.3790254524310961,0.2938579718769819,0.27610288120015086
Kongur Tiube,177.42868456368143,38.61583333,75.19583333,7530.0,7519,0.28706989235675356,0.2794905501478939,0.25346954937668775,0.1850014040887337
Mamostong Kangri,434.96901376898217,35.14194444,77.5775,7516.0,7416,0.33161854235933547,0.3486786312519899,0.37890356930646085,0.3977065474811324,0.39542637615362014,0.2336416030007331
Saser Kangri II E,516.0502478118739,34.80472222,77.80666667,7513.0,7486,0.3378675034338292,0.3719526545573746,0.3817717247290158,0.3913565790751027,0.39351270241565933,0.39696172908605687
Muztagh Ata,485.0672593171653,38.27583333,75.11611111,7546.0,7509,0.28950318309702744,0.2980446144067968,0.27757515882141265,0.28697414791738224,0.2973643326344502,0.30772860069209274,0.25016460039808364,0.24769599464072534,0.2415623706527849,0.2229850330504589,0.2108988083987675
Ismoil Somoni Peak,459.7854637339602,38.94305556,72.01583333,7495.0,7453,0.39902627932284146,0.41807006688861886,0.40161745959581824,0.3883324475410103,0.35359694721308493,0.3473090137884397,0.28707036969162636,0.27046203749056485,0.21266294405868066
Saser Kangri III,302.12864957547544,34.84555556,77.785,7495.0,7443,0.43226516745503585,0.4447175848380144,0.43161235653639346,0.23073156885322235,0.2279712599364392
Noshaq,401.0394118521978,36.43222222,71.82861111,7492.0,7475,0.29987592139663055,0.33745234737602386,0.2907414923886104,0.29291513529965607,0.3006503869699793,0.2261982222897693,0.22222671006855785,0.22009312799790884,0.2110733746590515
Pumari Chhish,297.8848639803973,36.21138889,75.25027778,7492.0,7391,0.4308168845685122,0.4082355637410582,0.42554980568628187,0.22890481122124798,0.222652082974933
Passu Sar,165.3717167085705,36.48777778,74.58777778,7476.0,7470,0.28365484347515957,0.318597660551762,0.17150865683588198,0.18374635189841165
Yukshin Gardan Sar,389.6273735795722,36.25111111,75.37472222,7469.0,7401,0.40711121732884986,0.449926423633929,0.4795045531398093,0.364282580439765,0.35420670325415654
Teram Kangri I,187.23240186136263,35.58,77.07833333,7462.0,7418,0.2672730929452158,0.2831140156246896,0.26747485980194663,0.18929677312958054
Jongsong Peak,286.97988209618273,27.88166667,88.13583333,7462.0,7455,0.1983085481298295,0.21840070282516436,0.24503033369375193,0.2413351564811047,0.23624327690063512,0.2207537554586021
Malubiting,322.8247063578164,36.00333333,74.87527778,7458.0,7305,0.3111485219732241,0.31784616409468136,0.29620444892764214,0.286497564271535,0.2934770057798331,0.24232645667927058,0.207729871163451
Gangapurna,230.40429845337601,28.605,83.96361111,7455.0,7436,0.45307729705566757,0.460808596906752,0.15402071832009873,0.1654108630760325
Jengish Chokusu / Tömür / Pk Pobeda,550.7695702110227,42.03472222,80.12972222,7439.0,7420,0.3660282856152398,0.3900148068799987,0.3621366842840732,0.3392929547521449,0.3074445915658458,0.29850268977299727,0.296898108146953,0.29356308771351564,0.2898787211636962,0.2074928422519903
K12,514.6012553620902,35.29583333,77.02222222,7428.0,7418,0.43134525632102894,0.395408012582125,0.40146536560928253,0.4072911537455912,0.404566065529675,0.3958471195093002,0.27263087216972076,0.2058015441114803
Yangra / Ganesh I,480.0630275098931,28.39138889,85.12722222,7422.0,7345,0.3461623804121702,0.38159456239178147,0.4000407713480665,0.40443780874004204,0.4071998180318151,0.369279251930687,0.24906922469703158,0.2378824053820419,0.22300413342283107,0.20718451587416534
Sia Kangri,164.99162201200267,35.66333333,76.76166667,7422.0,7388,0.2611525744111618,0.3032653584912284,0.1750108858908287,0.18332402445778073
Momhil Sar,411.55542614598846,36.31777778,75.03638889,7414.0,7389,0.46696764147117903,0.4760046444585439,0.4803589651643643,0.4572838068288761
Kabru N,165.42472515259365,27.63388889,88.11666667,7412.0,7350,0.1695509677810384,0.20588351835033614,0.23632103593227663,0.13040878441863793
Skil Brum,355.3144491704231,35.85083333,76.42861111,7410.0,7348,0.43391630891539473,0.3756224017100835,0.3962959829050422,0.32783539335987155,0.32301313560947553,0.19771003732075834
Haramosh Peak,520.0002629095433,35.84,74.8975,7409.0,7333,0.41515796344105443,0.42946234683702156,0.426892650087636,0.41109942076188494,0.3571880345854707,0.328309328976414,0.3206293515266365,0.28130712159741045,0.2736843488997596,0.2434878212968816
Istor-o-Nal,370.93420691500296,36.37555556,71.89833333,7403.0,7382,0.23215383664897493,0.24645632301675768,0.2694505721661854,0.30073232054696225,0.2074780845221992,0.20795151127742645,0.20954249460616578,0.20484227836348032,0.1952285299552647
Ghent Kangri,306.26568398581713,35.51777778,76.80055556,7401.0,7325,0.26904860022758526,0.29036237425569894,0.2852017583526758,0.28903998252033986,0.2784233490780156,0.21770683385476228
Ultar,247.73480739736283,36.39083333,74.71666667,7388.0,7313,0.2864053569045893,0.32808024133732167,0.2651648094543287,0.2752608971081809
Rimo I,247.55328000172892,35.355,77.36888889,7385.0,7216,0.44036617304686704,0.41883510832688303,0.282466205006233,0.275059200001921
Churen Himal,149.8944201405259,28.73472222,83.2175,7385.0,7396,0.28047902937086544,0.2997888402810518,0.14211790341082087,0.14525699232126335
Teram Kangri III,129.07709127171975,35.59972222,77.04805556,7382.0,7217,0.3361926341522766,0.1964593930087886,0.14881833015256343,0.14341899030191083
Sherpi Kangri,445.0639766156091,35.46611111,76.78138889,7380.0,7226,0.42246660317113727,0.45955248443557273,0.4201791160544664,0.414106363879008,0.4046036151050992
Labuche Kang,178.6046566351233,28.30416667,86.35083333,7367.0,7324,0.32761141273142214,0.3224337446421878,0.21275292750877392,0.1984496184834703
Kirat Chuli,359.56554223125016,27.78777778,88.19527778,7362.0,7321,0.3841098745231339,0.3834351013659959,0.39634554790722504,0.3995172691458335,0.26296488218059566
Saraghrar,412.05461975827785,36.5475,72.115,7349.0,7319,0.23350694896399485,0.2675618535859799,0.22924651688209793,0.2365002666164621,0.24857531973166305,0.24325731378784932,0.24401253706778103,0.2423850704460458
Jomolhari,587.6770094027165,27.82666667,89.26777778,7326.0,7314,0.4437537726891988,0.4559644746540102,0.4666091807531008,0.4266998513244689,0.4247291561878261,0.42282603760407844,0.39178467293514435,0.3013694511697592,0.2613086129269902,0.23665935604450172,0.2125015000577622
Chamlang,356.69685184926954,27.775,86.97972222,7321.0,7288,0.3107849669411145,0.26781321859558693,0.2950413367975579,0.3141822539595183,0.3242698653175178
Chongtar,308.3568220427899,35.91527778,76.42916667,7315.0,7262,0.26103668979748,0.29754297481047165,0.32425595611206093,0.3048032468241984,0.2803243836752635
Baltoro Kangri,311.06698718586404,35.63916667,76.67333333,7312.0,7288,0.22298502002952827,0.25317425111936653,0.27569393951442045,0.2825918889511586,0.2827881701689673
Siguang Ri,172.71980941445057,28.14722222,86.685,7309.0,7248,0.3358614940737305,0.3454396188289011,0.11728638449308833,0.10780412285032434
The Crown / Huang Guan,458.7422678182348,36.10666667,76.20583333,7295.0,7194,0.5083232596563633,0.5310616066237707,0.46395191664268914,0.4566069870786172,0.41703842528930435,0.3135614356386457
Gyala Peri,584.9590274036566,29.81444444,94.96861111,7294.0,7229,0.39103019284664714,0.4327679605517543,0.43924501151513007,0.441902441261013,0.4001744820676146,0.4003354781774079,0.3804829746832392,0.3440935455315627,0.2856474770547043,0.27055156858416685,0.25251873094602745,0.22791117019065726,0.20279447429610842
Porong Ri,134.40000537467586,28.38944444,85.72,7292.0,7294,0.3641289393564701,0.1253329526989182,0.14387270252727585,0.1493333393051954
Baintha Brakk / The Ogre,664.424009151493,35.9475,75.75333333,7285.0,7181,0.4926776399003905,0.5482182781954706,0.565327261188712,0.5405765675412266,0.5431441861104742,0.5110953916549946,0.35744655921299934,0.2885899770565429
Yutmaru Sar,286.55651319937,36.22638889,75.36722222,7283.0,7267,0.423669801150603,0.40412716162325024,0.3161441051838363,0.31839612577707777
Baltistan Peak / K6,448.4177130169418,35.41833333,76.55166667,7282.0,7168,0.3922737961663246,0.40855063690253224,0.429777779485115,0.44447658347005065,0.316464935367526,0.3155250213725225,0.2989451420112945,0.24100165444696245
Kangpenqing / Gang Benchhen,325.9479518483238,28.55083333,85.54555556,7281.0,7274,0.284088341427585,0.32163640785150666,0.32927453054063366,0.3375538296172591,0.2713168332782575,0.2507291937294798
Muztagh Tower,516.1418918103928,35.82777778,76.36111111,7276.0,7017,0.609446020752544,0.5304297206206067,0.5042044247648878,0.48680356875646097,0.4492784584941225,0.39703222446953296
Mana Peak,187.93071035265373,30.88055556,79.61527778,7272.0,7186,0.4272283956422662,0.2879950640234536,0.2684724433609339,0.1528818242085325
Diran,477.51347026473775,36.12027778,74.66166667,7266.0,7258,0.430178314184927,0.40960371282476554,0.40967578051578535,0.39033294371029587,0.37726952976537553,0.3673180540497983
Labuche Kang III / East,155.36496050294488,28.30138889,86.38388889,7250.0,7251,0.41317013045623807,0.2735749579431593,0.1875987952304684,0.172627733892161
Putha Hiunchuli,355.866967186172,28.74777778,83.14611111,7246.0,7236,0.37295747159074033,0.37856735997300844,0.3837722542598406,0.34759311202977256,0.32351542471470185
Apsarasas Kangri,112.14905928267444,35.53861111,77.14861111,7245.0,7166,0.2275398617244596,0.1992304867848687,0.14033235251420148,0.12461006586963827
Mukut Parbat,284.3577296783847,30.94916667,79.57,7242.0,7131,0.3731287029021414,0.39121994400242893,0.4062253281119782,0.14112353195413663
Rimo III,0,35.37527778,77.36166667,7233.0,7174,
Langtang Lirung,452.953790890244,28.25611111,85.51694444,7227.0,7207,0.3597633281563946,0.35975141401207633,0.3691435886135556,0.3665228966558426,0.35193544139219496,0.3484259929924954,0.2913551291213812
Karjiang,238.49059289816987,28.2575,90.64694444,7221.0,7077,0.38525590689064315,0.3601610456374499,0.3407008469973855,0.21769495704309808,0.21359931678176508
Annapurna Dakshin,234.56856994536827,28.51833333,83.80611111,7219.0,7119,0.28246074736974097,0.3170690227198048,0.3350979570648118,0.11865948463234471
Khartaphu,150.7733111211066,28.06361111,86.9775,7213.0,7215,0.39456462013838134,0.2939599528126227,0.2153904444587237,0.08844344309339476
Tongshanjiabu,292.42015364341916,28.18666667,89.9575,7207.0,7205,0.39925233280986255,0.4122594195971209,0.29172030785525727,0.2836266607940978,0.2658365033121992
Malangutti Sar,151.97437329342708,36.36305556,75.14916667,7207.0,7163,0.28489971107397233,0.30394874658685417,0.13193392189165268,0.12545493618299197
Noijin Kangsang / Norin Kang,309.7485771712775,28.94666667,90.17833333,7206.0,7196,0.3026393274596431,0.2784214799529328,0.2780939839234294,0.26334532291275775,0.26039232805875856,0.23826813628559806
Langtang Ri,216.70290881601989,28.38138889,85.68361111,7205.0,7174,0.4063080708282963,0.4334058176320398,0.1249299441494394,0.13535615583085303
Kangphu Kang,276.45553046890734,28.15666667,90.07083333,7204.0,7181,0.2947431300595213,0.3158618443264443,0.306192829292813,0.2859053624518103,0.2513232095171885
Singhi Kangri,305.52626173430235,35.59972222,76.98361111,7202.0,7139,0.46850890720070415,0.4903554044846612,0.4364660881918605
Lupghar Sar,245.82764845961165,36.35027778,75.03694444,7200.0,7185,0.30380580384966,0.3430707717728132,0.3511823549423024,0.1279561318865889
Aconcagua,576.2647528132688,-32.65306,-70.01167,6960.8,6936,0.32766531500259505,0.3561800569788534,0.3718668049457765,0.3734177563610811,0.3753099711296374,0.37453986106388115,0.3680517617379319,0.33504979650721056,0.30329723832277306,0.23114076629901753,0.2014368314064468
Ojos del Salado,116.70199619201051,-27.10944,-68.54222,6893.0,6870,0.21822615782605612,0.17085951441302738,0.16671713741715788,0.12043831232395842
Kuh-e Bandaka,387.95147167745864,36.17917,70.98333,6812.0,6828,0.3724962659127107,0.3943398175341023,0.41138869434730124,0.42339456790888613,0.35268315607041695,0.2839286111077257,0.2484941592644253,0.22007558052220874
Chakragil,267.1508289445119,38.86583,75.10833,6760.0,6684,0.3654443807944256,0.37448234572402544,0.31758062794736974,0.25545386269742193,0.21285774226486812,0.2055006376496245
Mercedario,414.7027895517252,-31.97889,-70.11278,6720.0,6699,0.2532713561185403,0.25339945009723686,0.2515477184260392,0.2616120399974205,0.2737324945026977,0.2828069727530454,0.27646852636781677
Xuelian Feng,458.6928850715076,42.26167,80.89,6627.0,6598,0.48422728624259664,0.31465886043902264,0.26317696632766063,0.2511519277507074,0.25009310495324805,0.251251612922836,0.23783826873866262,0.23907257683066407,0.24141730793237243
Buni Zom,281.6844322704785,36.15417,72.3275,6542.0,6466,0.4891738561182056,0.4020663193596865,0.40240633181496926,0.21452597353308459,0.2003980175338774
Chimborazo,401.8827247023118,-1.46917,-78.8175,6263.0,6256,0.24360885219778441,0.2729996255390035,0.2908059086415942,0.3018362811418172,0.2945108183415866,0.2796278596981071,0.26140766818752276,0.23640160276606578
Denali / Mount McKinley,1038.3436128950734,63.0691028,-151.0062611,6190.0,6173,0.3628213889944567,0.39357055068779045,0.33516125126197005,0.34976432177930394,0.3570508970032548,0.36469543430876267,0.36432391749630094,0.3633211454256717,0.36457873794775947,0.36577477849184414,0.3713362165434595,0.3741015245966061,0.3667457565432287,0.35804952168795634
Mount Logan,418.43872868331715,60.56722,-140.40528,5959.0,5938,0.24332667153157148,0.23097174551364683,0.19736228096005798,0.19895407384529346,0.2048666476097764,0.21747764437186415,0.23108193580151482,0.2461404286372454
Mount Kilimanjaro,273.8666221952251,-3.06667,37.35917,5895.0,5883,0.11549445530195353,0.1575946006796099,0.18655221245858175,0.20657250645231015,0.215788482670085,0.21066663245786546
Pico Simn Bolvar,128.7788695144373,10.83833,-73.68667,5720.0,5687,0.2748075848084506,0.21031118242720603,0.1839698135920533,0.1342649447152234
Mount Elbrus,501.8345378276004,43.35254,42.437875,5642.0,5651,0.2265195203660232,0.26021647566551426,0.2679014143272103,0.275810596398712,0.27968173332429724,0.283111696182278,0.2852916177295976,0.2802215132383489,0.26412344096189494,0.23555862895034163,0.2007066557720458
Pico de Orizaba,374.76285635147735,19.03,-97.27,5636.0,5595,0.3016990942643034,0.32175582336715036,0.3255012133708606,0.3131894011191363,0.2990135545016897,0.28234744936305106,0.24984190423431824,0.21103880435549957
Mount Damavand,592.003053331343,35.95528,52.10917,5610.0,5608,0.33788650848104,0.35446926701987,0.36189261359844627,0.36413633518063493,0.3610873716716912,0.3533867013853288,0.3412293197563212,0.3277677915026043,0.3115805543849174
Jade Dragon Snow Mountain,163.19373460561442,27.09833,100.175,5596.0,5518,0.34375607430280974,0.319699576290623,0.20713174996330938,0.18132637178401603
Cerro del Bolsn,84.75874176043796,-27.21417,-66.09417,5552.0,5539,0.28252913920145983,0.15574554589247985,0.09697906224506711,0.08301799952835358
Mount Saint Elias,875.0064984242614,60.29222,-140.93139,5489.0,5479,0.4689073259435787,0.36311250786720933,0.39009825744533033,0.4109859758564973,0.42228576026947656,0.4256139987875585,0.42727189691165196,0.4242507334610687,0.40636857183373293,0.38404420636515435,0.3740506588940235,0.35000259936970457
Bogda Peak,228.9951635698398,43.80167,88.335,5445.0,5215,0.35417736773641634,0.3680371406074751,0.29164831024819915,0.2525484510969595,0.20817742142712709
Ritacuba Blanco,85.3355126685452,6.49417,-72.2975,5410.0,5341,0.21864349982482434,0.1466864517448126,0.11246002046613554,0.09481723629838357
Popocatepetl,384.3888870280678,19.0222194,-98.6277806,5400.0,5414,0.28217968145353595,0.30664334665045484,0.3160366104695083,0.3146824238823069,0.3050677783461066,0.28420476168595726,0.25433318327635823,0.2261111100165105
Mount Lucania,304.59545086762745,61.02333,-140.46556,5226.0,5234,0.3212033314460634,0.293992050342215,0.2977238418048083,0.30410228905328485,0.24027090233969609,0.23430419297509802
Mount Kenya,0,-0.1,37.2,5199.0,3053,
Mount Ararat,583.2565928002051,39.70194,44.29833,5137.0,5137,0.270945093499099,0.28640515571393077,0.3071905380604487,0.31603838745660756,0.3202403873200047,0.31991795846894644,0.30940663607323693,0.2877328701095138,0.26415117221695356,0.24770562609364707,0.23360786752736384,0.2134976975183891,0.20657287639825903,0.2011229630345535
Mount Stanley,153.14602526607447,0.38583,29.87167,5109.0,5023,0.2736164592282341,0.26145143771241697,0.2187800360943921,0.11614759407322087
Mount Blackburn,422.7754974134086,61.73167,-143.43306,4996.0,5016,0.24544554219463136,0.27569379019006246,0.2921258939421602,0.3072499413018794,0.3172471735576171,0.32521192108723734
Pico Bolvar,93.26115912186121,8.540861,-71.0465,4981.0,4907,0.165027030659691,0.1405944279315467,0.12509355888204526,0.10362351013540134
Pik Talgar,144.58844339509713,43.1178389,77.3413333,4979.0,4978,0.30315241020622624,0.28917688679019427,0.16799587592771195
Jiuding Shan,203.16627217394515,31.54333,103.85333,4969.0,4941,0.2326636559789268,0.2404793919562083,0.24352830823338234,0.22574030241549461
Vinson Massif,267.46714086149143,-78.52556,-85.61722,4892.0,4872,0.27435883854708504,0.24538323009714086,0.263465300158407,0.2971857120683238
Tomort,80.19433753017616,43.07333,94.34667,4886.0,4892,0.2097524123832542,0.16038867506035231,0.11154019308386758
Puncak Jaya,72.61030393302138,-4.083,137.183,4884.0,4829,0.24203434644340463,0.10980418698096865,0.0765019407386128
Sabalan,227.15938159863686,38.26694,47.83694,4811.0,4794,0.28334543642064686,0.2976063507006315,0.21865574592756035,0.2138432480964414,0.2065085287260335
Monte Bianco/Mont Blanc,420.9462883623388,45.83278,6.865,4808.0,4804,0.36271210801511333,0.3873573649483984,0.35798231668171027,0.34211196874282707,0.3380393765114136,0.3238048372017991,0.26366582723130294,0.20599732709850072
Klyuchevskaya Sopka,679.4245311873054,56.067,160.633,4750.0,4783,0.35529274600064903,0.3939051913388599,0.4128419520008694,0.424245045247729,0.4291157492814517,0.4304041936654969,0.4252123286665888,0.3645845876494206,0.35759185851963443,0.251079892607454,0.23455777114110088,0.22488391520499879
Mount Fairweather,531.4127631224561,58.90639,-137.52639,4671.0,4674,0.4538180225873215,0.4639904012223344,0.44131720687529075,0.4348814334136348,0.37626649066219653,0.3557495831388516,0.32853463062390026,0.31259574301320947,0.24596562453395113,0.23806897206600947,0.20942268730029964
Mount Meru,430.0462902889422,-3.2467806,36.76025,4565.0,4533,0.28156302547804185,0.3015995631361958,0.29379673385348526,0.2789507538670301,0.25151440110699214,0.24452869265007549,0.23989329716876825,0.23429854888346638,0.22198931443884798,0.20478394775663913
Ras Dashen,52.984562151090074,13.23667,38.3725,4550.0,4528,0.08659499803264818,0.07671440895967926,0.0756922316444144,0.05486878853267711
Mount Wilhelm,0,-5.8,145.03333,4509.0,4467,
Mount Karisimbi,185.476232303572,-1.5,29.45,4507.0,4484,0.2969469038034507,0.3123954616740342,0.21943066317484164,0.20608470255952446
Belukha Mountain,285.5099861309309,49.80694,86.58972,4506.0,4472,0.43648418865899236,0.28559423006379636,0.26839634427335557,0.2809765664908256,0.2595545328463008,0.20788199316433917
Mount Whitney,88.45956226419932,36.57861,-118.29194,4418.0,4401,0.2948652075473311,0.17559505805108913,0.10023229881012806
Mount Rainier,637.9522153997843,46.85167,-121.76028,4393.0,4391,0.22066724920982295,0.2687606090760119,0.3011200119410063,0.3205359434118095,0.33211698266326545,0.336989686396652,0.33009997565165317,0.31943036578859024,0.30452654219937947,0.2932362281022795,0.27737052843468885,0.24485273618330136,0.21055497036216445
Mount Shasta,507.1456237359335,41.4091972,-122.1948889,4317.0,4315,0.3161130032401464,0.3302338615034731,0.31595166294643484,0.3143751952320468,0.3067698405794699,0.29763929121926996,0.28614468395765885,0.27525422205026817,0.25990572134587553,0.24149791606473023,0.22024276693355752
Volcn Tajumulco,234.92951781792144,15.033,-91.9,4220.0,4226,0.2887310406563772,0.2992718182802761,0.28552743928163576,0.26103279757546827
Mount Hayes,624.1808683102241,63.62083,-146.715,4216.0,4192,0.5233926168569808,0.4410651709596811,0.4704955825320495,0.48748185132771993,0.4948211999455076,0.4801391294694032
Mauna Kea,92.94706384812554,19.82056,-155.46806,4205.0,4223,0.10618991550420363,0.09825036108739191,0.09860081347309213,0.10327451538680615
Toubkal,102.65766296065684,31.06194,-7.91611,4167.0,4136,0.2767355259215712,0.14618483265175447,0.12167292950184704,0.11406406995628537
Mount Boising,0,-5.8,146.1,4150.0,3851,
El Melao,43.09979412626705,-28.8675,-67.1275,4150.0,4147,0.03342315178605375,0.03785880882141944,0.043674458413109796,0.047888660140296725
Mount Kinabalu,0,6.075,116.55861,4095.0,4063,
Monte San Valentin,420.98014958474994,-46.595,-73.34583,4058.0,4020,0.3059826995500212,0.32729568585224983,0.3594422243568152,0.29727683221501544,0.2823364632648587,0.2562960223588781,0.23962044905003696,0.2251220670480316,0.21447059779635316,0.20046673789749997
Mount Cameroon,147.7311649376786,4.21667,9.1725,4040.0,4039,0.19650210151009534,0.19837212208323743,0.18413299644320022,0.1641457388196429
Mount Waddington,401.39418677608614,51.37361,-125.26333,4019.0,3992,0.44735054632566973,0.47324298910274715,0.47960523536939237,0.44599354086231796,0.28881652598752733,0.23275269626043765,0.2074438514149157
Mount Marcus Baker,141.16174282964894,61.43778,-147.75111,3991.0,4019,0.311242389648537,0.26234668122855775,0.2016596326137842
Mount Robson,482.5478344676772,53.11056,-119.15667,3959.0,3943,0.4811921722174441,0.4939424293513662,0.4929915001224713,0.47026977149943455,0.4233421278474452,0.3711906418982132,0.31797616208573376,0.22785350356455125
Yushan,141.73839899493166,23.47,120.9572667,3952.0,3883,0.14542851380582167,0.14651226760164532,0.15121527132616824,0.15748710999436852
Taftan,175.317428783201,28.6,61.133,3941.0,3928,0.20351737392808655,0.21851871808421724,0.21963828583523864,0.19479714309244556
Sauyr Zhotasy,41.36119958511169,47.04917,85.56667,3840.0,3827,0.13787066528370565,0.07072943385475224
Saramati,166.67213951529834,25.733,95.033,3826.0,3832,0.23638970061476056,0.24018816545300434,0.22104778592437763,0.18519126612810927
Cerro Chirrip,66.84833123452367,9.48417,-83.48861,3820.0,3793,0.06323920755284819,0.0737116216073208,0.08013237202947343,0.07427592359391519
Mount Kerinci,383.8981965323398,-1.69694389,101.2644439,3805.0,3769,0.2553961397077779,0.2754214876463105,0.27774608274883344,0.27748997558184757,0.27577787743203624,0.268372960038522,0.25593213102155987
Mount Erebus,0,-77.533,167.283,3794.0,3198,
Mount Fuji,549.2783594367677,35.36056,138.7275,3776.0,3757,0.24162770351100452,0.281168419085704,0.3004534100622487,0.31033397754650677,0.3126154549068755,0.3088452488211573,0.3017442241383044,0.2915759843834996,0.2797518229331632,0.26156112354131794,0.23841853478219324,0.209631632388473
Mount Rinjani,298.5322145331106,-8.41667,116.46667,3726.0,3692,0.2895159988696837,0.2879917689976695,0.2901788304623324,0.2881970375789346,0.27139292230282785,0.2119521434436607
Aoraki/Mount Cook,294.9971097496801,-43.595,170.14194,3724.0,3682,0.3679624284660954,0.3859269929960278,0.3935547653675034,0.3197938100153103,0.26817919068152735
Teide,321.9200219699928,28.272639,-16.643611,3715.0,3699,0.2771105433313347,0.26762576857918274,0.2537350562944805,0.25526590354208784,0.25433750690213053,0.24763078613076367
Monte San Lorenzo,436.81326433643,-47.59167,-72.30667,3706.0,3623,0.3178561556000918,0.30586920956997077,0.24954950404921428,0.26941047754639436,0.2848510215630646,0.2909681165251624,0.2857068411062789,0.24415129206501202,0.2208730651323852,0.20800631635068095
Gunnbjrn Fjeld,157.6529554568624,68.9195,-29.8985333,3694.0,3688,0.39354560854435183,0.19421348594869198,0.1678694200118413,0.1751699505076249
Semeru,272.9996476930117,-8.1,112.91667,3676.0,3667,0.2498816255211665,0.2860628633579697,0.3007779217767705,0.3033329418811241,0.2293252605132907,0.19899661496796173
Mount Suckling,98.70829746165481,-9.66917,149.01083,3676.0,3648,0.26559895291061825,0.17421447607384802,0.11315710554189644,0.10967588606850534
Jabal An-Nabi Shu'ayb,69.45426848997516,15.27917,43.97583,3666.0,3661,0.11338727538664319,0.10913040572818644,0.09922038355710737,0.06727838853000467
Lautaro,376.3159697847518,-49.019,-73.504,3623.0,3582,0.2685107769386767,0.3009258291877066,0.2622033228983715,0.26201100626632473,0.26311104824728276,0.24817674602843112,0.2351045605493935,0.22136233516750106
Ichinsky,500.1367701442479,55.67778,157.72167,3607.0,3621,0.30524877847510806,0.3393533793395527,0.3519490867566034,0.3223950461289049,0.3138478456655485,0.3084542923386721,0.2927295799418594,0.2743452142177233,0.25509583993740015,0.23816036673535615,0.2122741751423768
Monarch Mountain,262.4744349125225,51.89944,-125.87583,3555.0,3432,0.5013871708524856,0.5049223902550872,0.3539906452203742,0.2916382610139139,0.22167845034242345
Mulhacn,80.37164186943401,37.05333,-3.31139,3479.0,3462,0.1962907706037088,0.1310036804355311,0.09468194433266942,0.08930182429937113
Mount Latimojong,87.4073396836124,-3.385,120.02417,3478.0,3436,0.14732394457856332,0.1457174693144829,0.10646290229706323,0.0971192663151249
Mount Leuser,66.26617972578534,3.7975,97.21917,3466.0,3453,0.1327518491690055,0.08674096393183271,0.07622259392807645,0.07362908858420593
Koryaksky,0,53.317,158.683,3456.0,3267,
Emi Koussi,33.33356385273031,19.78944,18.55111,3445.0,3439,0.06182750310692522,0.04274918348429609,0.04761937693247187
Mount Slamet,300.7859780783431,-7.239,109.22,3432.0,3411,0.21784549418690405,0.2485932517648301,0.25072676668554217,0.2461816934096775,0.23916906424347273,0.22505781552426327,0.20052398538556204
Aneto,125.24605505555488,42.6309917,0.6566861,3404.0,3355,0.207394245395907,0.1936454052702131,0.15659049217001014,0.13916228339506098
Mount Etna,258.00572800291604,37.75083451,14.99322029,3403.0,3311,0.19500516330742648,0.19797893312701384,0.2009237505281619,0.20350543437535662,0.2032483688488782,0.19846594461762773
Arjuno-Welirang,171.8144812900168,-7.765,112.58972,3339.0,3329,0.2635043912408902,0.20101744547201925,0.19569665621762133,0.19090497921112978
Raung,161.88134576614712,-8.125,114.04167,3332.0,3297,0.1672435773861164,0.17327774825655173,0.17843494820388595,0.1798681619623857
Shiveluch,575.9374608969755,56.6536333,161.3629667,3307.0,3270,0.31238042386252163,0.35195543558302655,0.3712329048459447,0.34392390025116976,0.3367891291284506,0.3347189910135294,0.3266473097277328,0.3108158152287622,0.29721761090826604,0.27425593376046453,0.24287343682222703,0.21231793938364704
Mount Lawu,293.9769862797553,-7.625,111.19167,3265.0,3257,0.17681083889629273,0.19249720093407935,0.20959208385506312,0.21964241933482564,0.22164471931104848,0.21987273125440512,0.19598465751983685
Mount Siple,0,-73.433,-126.667,3110.0,3094,
Pico Duarte,84.15655125435379,19.03306,-71.00528,3098.0,3103,0.16174514678905152,0.16831310250870757,0.11961971690088885,0.08466188774863177
Piton des Neiges,242.33826307404044,-21.09889,55.47889,3069.0,3066,0.20171250393748738,0.23800317318759398,0.25608744180805965,0.23703175165010942,0.2203075118854913
Haleakal,97.98306036877347,20.71806,-156.25,3055.0,3069,0.11771064483166413,0.12092642902821153,0.12363296588340213,0.10887006707641496
Mount Agung,427.83344290196936,-8.34194,115.50778,3031.0,3028,0.2188717730286912,0.23456629193085918,0.2528025904413958,0.263215678773472,0.26759065358002276,0.26661772276104345,0.26155850312337803,0.2516667311188055
Mount Binaiya,134.08912984786255,-3.17333,129.455,3027.0,3033,0.171619799421283,0.17820003068093357,0.15978855968789363,0.14898792205318062
Jabal Shams,104.13870544553305,23.23738819,57.26379369,3019.0,2991,0.12635032559422618,0.13890810942722895,0.14876957920790435,0.09318611175095341
Pico Basil,143.51552815656044,3.58333,8.76667,3011.0,2983,0.19478134843896824,0.17088700632369477,0.1672759531350018,0.15946169795173382
Pico da Neblina,0,0.8054944,-66.0053583,2994.0,2774,
Mount Stephenson,144.80713346922724,-69.817,-69.717,2987.0,2928,0.3227384045285777,0.19152860171626945,0.20686733352746747,0.14957512367219367
Pico do Ramelau,105.60896435106936,-8.90667,125.49333,2963.0,2930,0.18026941080348613,0.16578561781600157,0.15086994907295623,0.1068874403902654
Mount Apo,135.35293070763487,6.9875,125.27083,2954.0,2928,0.2690592555339291,0.27070586141526976,0.17331742916729206,0.1287904811009041
Mount Paget,377.5212015361522,-54.44083,-36.55528,2934.0,2907,0.2398396128363295,0.2801204383863646,0.30313390300939597,0.3094605217304965,0.3073122027667565,0.2904009242585786,0.23171625740355709,0.20166871980820153
Mount Pulag,74.44845136826541,16.58361,120.88361,2922.0,2928,0.14694001512969448,0.14761571232239695,0.10635493052609343
Maromokotro,50.36516622033118,-14.02278,48.96583,2876.0,2874,0.07280986873236554,0.07492509798388272,0.07143447369877808,0.05596129580036798
Moncong Lompotabang,115.14596025749833,-5.346679069,119.9316665,2874.0,2874,0.17791910702743524,0.14840047222882477,0.1351859619021579,0.12793995584166482
Mount Shishaldin,561.3223723686702,54.75,-163.967,2869.0,2857,0.4352363218898793,0.451564060320502,0.4464345986615859,0.4288687945766067,0.4073390235970554,0.38808140436325583,0.36097883791371643,0.3257086383104384,0.29543282756245803,0.2644677976804406
Pico do Fogo,276.786894063514,14.9492694,-24.3403694,2829.0,2778,0.28932181855220834,0.32299192298611124,0.3341960743114039,0.30754099340390445
